<?xml version="1.0" encoding="UTF-8" ?>
<!DOCTYPE mapper PUBLIC "-//mybatis.org//DTD Mapper 3.0//EN" 
	"http://mybatis.org/dtd/mybatis-3-mapper.dtd">

<mapper namespace="com.ssafy.happyhouse.mapper.DealMapper">

	<select id="selectAll" resultType="DealInfoDto">
		select no,dong,aptname,code,dealamount,dealyear
		from housedeal
	</select>
	<select id="getAptInDong" parameterType="String" resultType="DealInfoDto">
		select h.no,h.dong,h.aptname,h.code,h.dealamount,h.dealyear
		from housedeal h, dongcode d
		where  d.dong_code = #{dong} and h.dong = d.dong_name 
		order by no
	</select>
	<select id="getAptInApt" parameterType="String" resultType="DealInfoDto">
		select *
		from housedeal
		where AptName like concat('%',#{aptName},'%')
		order by dong
	</select>
	<select id="getAptInnum" parameterType="String" resultType="DealInfoDto">
		select *
		from housedeal
		where no = #{no}
		order by dong
	</select>
	

	
</mapper>