<?xml version="1.0" encoding="UTF-8"?>
<!DOCTYPE mapper
   PUBLIC "-//mybatis.org//DTD Mapper 3.0//EN"
   "http://mybatis.org/dtd/mybatis-3-mapper.dtd">
<mapper namespace="com.ssafy.happyhouse.mapper.HouseMapper">

  <select id="getSido" resultType="SidoGugunCodeDto">
    SELECT left(sido_code,2) sido_code, sido_name FROM sidocode
    ORDER BY sido_code
  </select>
  
  <select id="getGugunInSido" parameterType="String" resultType="SidoGugunCodeDto">
    SELECT left(gugun_code,5) gugun_code, gugun_name FROM guguncode
    where left(gugun_code,2) = #{sido}
    ORDER BY gugun_code
  </select>
  
  <select id="getDongInGugun" parameterType="String" resultType="SidoGugunCodeDto">
	SELECT distinct dong_code, dong_name FROM dongcode
	where left(dong_code,5) = #{gugun}
	ORDER BY dong_code;
  </select>
  
  <select id="getAptInDong" parameterType="String" resultType="DealInfoDto">
	select no, dong, AptName aptName, dealAmount, dealYear from housedeal
	where code = left(#{dong}, 5)
	order by aptName;
  </select>

</mapper>