<?xml version="1.0" encoding="UTF-8"?>
<!DOCTYPE mapper
   PUBLIC "-//mybatis.org//DTD Mapper 3.0//EN"
   "http://mybatis.org/dtd/mybatis-3-mapper.dtd">
<mapper namespace="com.ssafy.happyhouse.mapper.UserMapper">

  <select id="selectAll" resultType="UserDto">
    select num, id , password, name, address, phone from user
  </select>
  
  <select id="selectOne" parameterType="String" resultType="UserDto">
    select * from user where id = #{id}
  </select>
  
  <insert id="insert" parameterType="UserDto">
 		 insert into user(id,password,name,address,phone)
		values(#{id},#{password},#{name},#{address},#{phone})
	</insert>
	
	<update id="update" parameterType="UserDto">
		update user 
		set password = #{password}, name = #{name}, address = #{address}, phone = #{phone} 
		where id = #{id}
	</update>
	
	<delete id="delete" parameterType="String">
		delete from user
		where id = #{id}
	</delete>
	
	<select id="login" parameterType="String" resultType="String">
    select password from user where id = #{id}
  </select>
  
  <select id="search" parameterType="String" resultType="UserDto">
    select * from user where id like #{id}
  </select>

</mapper>